{
  "type": "creative:creative",
  "generator": {
    "type": "minecraft:flat",
    "settings": {
      "biome": "minecraft:the_void",
      "layers": [
        {
          "block": "minecraft:bedrock",
          "height": 4
        },
        {
          "block": "minecraft:netherrack",
          "height": 16
        },
        {
          "block": "minecraft:lava",
          "height": 2
        },
        {
          "block": "minecraft:air",
          "height": 32
        },
        {
          "block": "minecraft:netherrack",
          "height": 16
        },
        {
          "block": "minecraft:obsidian",
          "height": 1
        },
        {
          "block": "minecraft:deepslate",
          "height": 32
        },
        {
          "block": "minecraft:air",
          "height": 32
        },
        {
          "block": "minecraft:stone",
          "height": 32
        },
        {
          "block": "minecraft:dirt",
          "height": 8
        },
        {
          "block": "minecraft:grass_block",
          "height": 1
        }
      ],
      "structure_overrides": []
    }
  }
}